Emittent,Land,Sitz,Institutstyp,Geschaeftsmodell,Funding_Profil,Kurzprofil,Website,Investor_Relations_URL,Quelle
AAREAL BANK AG,Deutschland,Wiesbaden,Immobilienfinanzierungsbank,Internationale gewerbliche Immobilienfinanzierung sowie Banking- und Zahlungsverkehrslösungen für die Wohnungswirtschaft.,Hypothekenpfandbriefe und unbesicherte Kapitalmarktfinanzierung; Einlagen der Wohnungswirtschaft sowie von Privatkunden und institutionellen Investoren.,Die Aareal Bank AG ist ein internationaler Immobilienfinanzierer mit Sitz in Wiesbaden. Neben gewerblichen Immobilienfinanzierungen bietet sie Banking- und Zahlungsverkehrslösungen für die Wohnungswirtschaft an.,https://www.aareal-bank.com/,https://www.aareal-bank.com/en/investors-portal/at-a-glance,Abruf 2026-10-04 | https://www.aareal-bank.com/en/investors-portal/at-a-glance | https://www.aareal-bank.com/en/investors-portal/funding/funding-products/pfandbriefe | https://www.aareal-bank.com/en/investors-portal/funding/funding-products/deposit-business | https://www.aareal-bank.com/fileadmin/04_Investoren/08_Ratings/Credit_Opinion-Aareal-Bank-AG-Update-to-19Dec2025-PBC_1464781.pdf
BAUSPAR.SCHWAEBISCH HALL,Deutschland,Schwäbisch Hall,Bausparkasse,Bausparen und private Wohnimmobilienfinanzierung.,Bauspareinlagen und Hypothekenpfandbriefe; ergänzende Geldaufnahmen.,Die Bausparkasse Schwäbisch Hall AG ist die Bausparkasse der Volksbanken und Raiffeisenbanken. Sie bietet Bausparen und Baufinanzierungen an und refinanziert außerkollektive Wohnimmobilienkredite auch über Hypothekenpfandbriefe.,https://www.schwaebisch-hall.de/,https://www.schwaebisch-hall.de/investor-relations.html,Abruf 2026-10-04 | https://www.schwaebisch-hall.de/impressum.html | https://www.schwaebisch-hall.de/investor-relations.html | https://www.schwaebisch-hall.de/content/dam/dambsh/unternehmen/investor-relations/ir-pr%C3%A4sentationen-/2026-01-26%20DEU%20NEU%20Investorenpraesentation-Bausparkasse-Schwaebisch-Hall-AG%20.pdf
BAYERISCHE LANDESBANK,Deutschland,München,Landesbank,Investitionsfinanzierung für Unternehmen und institutionelle Kunden.,Pfandbriefe sowie Senior-Preferred- und Senior-Non-Preferred-Anleihen; Benchmark-Emissionen.,Die Bayerische Landesbank (BayernLB) ist eine Landesbank mit Hauptsitz in München. Sie finanziert Investitionen der bayerischen und deutschen Wirtschaft und ist regelmäßig am Kapitalmarkt als Anleiheemittentin tätig.,https://www.bayernlb.de/,https://www.bayernlb.de/internet/de/blb/resp/meta_7/ueber_uns_1/investor_relations_5/einstieg_ir/einstieg_investoren.jsp,Abruf 2026-10-04 | https://www.bayernlb.de/internet/de/blb/resp/meta_7/ueber_uns_1/investor_relations_5/investoren_information/kurzportrait/kurzportrait_1.jsp
BERLIN HYP AG,Deutschland,Berlin (historischer Sitz),Ehemalige Immobilien- und Pfandbriefbank,Gewerbliche Immobilienfinanzierung; seit August 2025 als Berlin Hyp innerhalb der LBBW fortgeführt.,Historisch Hypotheken- und Öffentliche Pfandbriefe; seit 1. August 2025 übernimmt die LBBW die Emittentenstellung und die Deckungsregister.,Die frühere Berlin Hyp AG war eine auf gewerbliche Immobilienfinanzierung spezialisierte Bank und firmiert nach der Abspaltung als LBBW Berlin Beteiligungs-AG. Zum 1. August 2025 wurden das Bankgeschäft und die Emittentenstellung auf die LBBW übertragen. Die Marke Berlin Hyp bezeichnet heute eine unselbstständige Anstalt der LBBW.,https://www.berlinhyp.de/,https://www.lbbw.de/konzern/news-and-service/investor-relations/berlin-hyp/investor-relations_akdmq17wi2_d.html,Abruf 2026-10-04 | https://www.berlinhyp.de/homepage/homepage_6kyjj4koh_e.html | https://www.berlinhyp.de/legal/imprint_amk397xv74_e.html | https://www.lbbw.de/konzern/investor-relations/ir-meldungen/bestaetigungserklaerung-berlin-hyp/2024/berlin-hyp-bestaetigungserklaerung-nach-2-art-1-nr-18b-anlv-2024_akd6zbupya_m.pdf | https://www.lbbw.de/konzern/medien-center/presseinfos/2025/20250801-lbbw-press-release-lbbw-successfully-completes-realignment-in-commercial-real-estate-finance_akgdxuvzgp_m.pdf | https://www.lbbw.de/konzern/investor-relations/finanzberichte/einzelabschluesse/2025/lbbw-jahresabschluss-hgb-2025_ampzkhfjhr_m.pdf
COMMERZBANK AG,Deutschland,Frankfurt am Main,Universalbank,Bankdienstleistungen für Firmenkunden sowie Privat- und Unternehmerkunden mit Schwerpunkt Deutschland.,Hypotheken- und Öffentliche Pfandbriefe; Senior-Preferred- und Senior-Non-Preferred-Anleihen sowie nachrangige Anleihen.,Die Commerzbank AG ist eine Universalbank mit Sitz in Frankfurt am Main. Ihre Geschäftsschwerpunkte liegen bei Firmenkunden sowie Privat- und Unternehmerkunden; am Kapitalmarkt emittiert sie gedeckte und ungedeckte Anleihen.,https://www.commerzbank.de/,https://investor-relations.commerzbank.com/de,Abruf 2026-10-04 | https://www.commerzbank.de/hinweise/impressum/ | https://www.commerzbank.de/konzern/wer-wir-sind/strategie-marke/ | https://investor-relations.commerzbank.com/media/document/f8905793-ff1c-4abb-9fd1-ef58ffbf8441/assets/2026_Q1_Analyst_Presentation_incl_MREL.pdf
DEUT APOTHEKE AERZTEBANK,Deutschland,Düsseldorf,Genossenschaftsbank,Bankdienstleistungen für Heilberufe sowie deren Organisationen und Einrichtungen im Gesundheitswesen.,Schuldscheindarlehen und unbesicherte Schuldverschreibungen sowie Hypothekenpfandbriefe.,Die Deutsche Apotheker- und Ärztebank eG (apoBank) ist eine Genossenschaftsbank mit Sitz in Düsseldorf. Sie betreut Angehörige der Heilberufe sowie Organisationen und Unternehmen im Gesundheitswesen und emittiert auch Hypothekenpfandbriefe.,https://www.apobank.de/,https://www.apobank.de/ueber-die-apobank/investor-relations,Abruf 2026-10-04 | https://www.apobank.de/dam/jcr%3Ab7a2d119-f43b-4bc7-acdd-cdd742f151d0/apobank-terms-and-conditons-according-to-statute.pdf | https://newsroom.apobank.de/pressreleases/apobank-uebertraegt-anteile-an-zahnaerztlicher-abrechnungsgesellschaft-duesseldorf-ag-an-die-za-eg-3470050 | https://www.apobank.de/ueber-die-apobank/investor-relations/emissionen
DEUT PFANDBRIEFBANK AG,Deutschland,Garching bei München,Immobilien- und Pfandbriefbank,Finanzierung gewerblicher Immobilieninvestitionen mit Schwerpunkt Europa.,Pfandbriefe und unbesicherte Schuldverschreibungen sowie nachrangige Kapitalinstrumente und Privatkundeneinlagen.,Die Deutsche Pfandbriefbank AG (pbb) ist auf die Finanzierung gewerblicher Immobilien spezialisiert. Pfandbriefe sind ein wesentliches Refinanzierungsinstrument; ungedeckte Finanzierung erfolgt auch über Anleihen und Privatkundeneinlagen.,https://www.pfandbriefbank.com/,https://www.pfandbriefbank.com/investoren/fremdkapitalinvestoren/,Abruf 2026-10-04 | https://www.pfandbriefbank.com/ | https://www.pfandbriefbank.com/fileadmin/user_upload/downloads/investor_relations/presentations/pbb_Company_Presentation_0424.pdf | https://www.pfandbriefbank.com/investoren/fremdkapitalinvestoren/
DEUTSCHE BANK AG,Deutschland,Frankfurt am Main,Universalbank,Privatkundengeschäft sowie Unternehmens- und Investmentbankgeschäft und Vermögensverwaltung.,Senior-Preferred- und Senior-Non-Preferred-Anleihen; Pfandbriefe sowie Kapitalinstrumente.,"Die Deutsche Bank AG ist eine international tätige Universalbank mit Sitz in Frankfurt am Main. Ihre Geschäftsfelder umfassen Privatkundenbank, Unternehmensbank, Investmentbank und Vermögensverwaltung.",https://www.db.com/,https://investorrelations.db.com/creditors/funding-strategy/funding?language_id=1,Abruf 2026-10-04 | https://www.db.com/grounding-page?language_id=1 | https://www.db.com/who-we-are/index?language_id=3 | https://investorrelations.db.com/creditors/funding-strategy/funding?language_id=1
DEUTSCHE KREDITBANK AG,Deutschland,Berlin,Direkt- und Geschäftsbank,Digitales Privatkundengeschäft sowie Finanzierungs- und Anlagelösungen für Unternehmen und Kommunen.,Kundeneinlagen; Öffentliche und Hypothekenpfandbriefe sowie unbesicherte Anleihen; ergänzende Interbanken- und Konzernrefinanzierung.,Die Deutsche Kreditbank AG (DKB) mit Sitz in Berlin ist eine Tochtergesellschaft der BayernLB. Sie verbindet digitales Privatkundengeschäft mit Unternehmens- und Kommunalfinanzierung und nutzt neben Kundeneinlagen auch Pfandbriefe zur Refinanzierung.,https://www.dkb.de/,https://www.dkb.de/ueber-uns/investor-relations,Abruf 2026-10-04 | https://www.dkb.de/ueber-uns/investor-relations
DZ HYP AG,Deutschland,Hamburg und Münster,Immobilien- und Pfandbriefbank,Immobilien- und Kommunalfinanzierung für Firmenkunden sowie Privatkunden und öffentliche Kunden.,Hypothekenpfandbriefe einschließlich Grüner Pfandbriefe sowie Öffentliche Pfandbriefe; Benchmark-Emissionen und Privatplatzierungen.,Die DZ HYP AG ist eine Immobilien- und Pfandbriefbank in der Genossenschaftlichen FinanzGruppe Volksbanken Raiffeisenbanken. Sie finanziert Immobilien und Kommunen und hat ihren juristischen Doppelsitz in Hamburg und Münster.,https://dzhyp.de/,https://dzhyp.de/de/investor-relations/,Abruf 2026-10-04 | https://dzhyp.de/de/impressum/ | https://dzhyp.de/de/ueber-uns/wir-ueber-uns/ | https://dzhyp.de/de/investor-relations/
HAMBURG COMMERCIAL BANK,Deutschland,Hamburg,Geschäftsbank,Gewerbliche Immobilien- und Unternehmensfinanzierung sowie Schiffs- und Projektfinanzierung.,Pfandbriefe und unbesicherte Anleihen; Unternehmens- und Privatkundeneinlagen.,"Die Hamburg Commercial Bank AG (HCOB) ist eine private Geschäftsbank mit Sitz in Hamburg. Ihre Schwerpunkte liegen in gewerblichen Immobilien-, Unternehmens-, Schiffs- und Projektfinanzierungen.",https://www.hcob-bank.com/,https://www.hcob-bank.com/investor-relations/veroeffentlichungen/,Abruf 2026-10-04 | https://www.hcob-bank.com/media/factsheet-2025/ | https://www.hcob-bank.com/en/media/annual-report-2025/
HAMBURGER SPARKASSE,Deutschland,Hamburg,Sparkasse,Einlagen- und Kreditgeschäft sowie weitere Bankdienstleistungen für Privat- und Firmenkunden in der Metropolregion Hamburg.,Hypotheken- und Öffentliche Pfandbriefe; Senior-Unsecured- und Nachranganleihen im Benchmark- und Privatplatzierungsformat.,Die Hamburger Sparkasse AG (Haspa) ist eine Sparkasse mit Sitz in Hamburg. Sie betreut Privat- und Firmenkunden in der Metropolregion und refinanziert ihr Kreditgeschäft auch über Pfandbriefe und ungedeckte Anleihen.,https://www.haspa.de/,https://www.haspa.de/de/home/unternehmen-haspa/ueber-uns/investoreninformationen.html,Abruf 2026-10-04 | https://www.haspa.de/fi/home/toolbar/impressum.html | https://www.haspa.de/content/dam/myif/haspa/work/pdf/Unternehmen/ueber_uns/geschaeftsberichte/haspa-geschaeftsbericht-2025.pdf?n=true | https://www.haspa.de/de/home/unternehmen-haspa/ueber-uns/investoreninformationen.html
ING-DIBA AG,Deutschland,Frankfurt am Main,Direktbank,Digitales Privatkundengeschäft sowie Bankdienstleistungen für kleine und mittlere Unternehmen und internationale Großunternehmen.,Vorwiegend Privatkundeneinlagen; ergänzende Hypothekenpfandbriefe.,Die ING-DiBa AG tritt als ING Deutschland auf und gehört zur ING Group. Sie betreibt Direktbankgeschäft mit Privatkunden sowie Business Banking und Wholesale Banking; Hypothekenpfandbriefe ergänzen ihre Einlagenrefinanzierung.,https://www.ing.de/,https://www.ing.de/ueber-uns/unternehmen/investor-relations/investor-relations-en/,Abruf 2026-10-04 | https://www.ing.de/facts-ing/ | https://www.ing.de/ueber-uns/unternehmen/investor-relations/investor-relations-en/
LANDBK HESSEN-THUERINGEN,Deutschland,Frankfurt am Main und Erfurt,Landesbank,Bankgeschäft mit Unternehmen und institutionellen Kunden sowie Verbundgeschäft mit Sparkassen und öffentliches Fördergeschäft.,Hypotheken- und Öffentliche Pfandbriefe; ungedeckte Inhaberschuldverschreibungen und Schuldscheindarlehen sowie MTN-Emissionen.,Die Landesbank Hessen-Thüringen Girozentrale (Helaba) ist eine öffentlich-rechtliche Landesbank mit Sitzen in Frankfurt am Main und Erfurt. Sie ist als Geschäftsbank und Sparkassenzentralbank tätig und betreibt über die WIBank öffentliches Förder- und Infrastrukturgeschäft.,https://www.helaba.com/,https://www.helaba.com/de/investor-relations/refinanzierung/,Abruf 2026-10-04 | https://www.helaba.com/media/docs/de/investor-relations/veroeffentlichungen/geschaeftsberichte/geschaeftsberichte-2025/geschaeftsbericht-2025.pdf | https://www.helaba.com/de/investor-relations/refinanzierung/
LB BADEN-WUERTTEMBERG,Deutschland,Stuttgart; Karlsruhe; Mannheim; Mainz,Landesbank,Universalbankgeschäft mit Unternehmen und Privatkunden sowie Immobilien- und Projektfinanzierung und Kapitalmarktgeschäft.,Pfandbriefe sowie Senior-Preferred- und Senior-Non-Preferred-Anleihen; Privatplatzierungen und syndizierte Emissionen.,"Die Landesbank Baden-Württemberg (LBBW) ist eine öffentlich-rechtliche Landesbank und Universalbank mit vier Hauptsitzen. Sie betreut Unternehmen, Privatkunden und Sparkassen und bündelt ihre gewerbliche Immobilienfinanzierung unter der Marke Berlin Hyp.",https://www.lbbw.de/,https://www.lbbw.de/konzern/news-and-service/investor-relations/investor-relations/investor-relations_7vjyv8hsd_d.html,Abruf 2026-10-04 | https://www.lbbw.de/rechtliche-hinweise/rechtliche-hinweise/impressum_7wo5vqxe1_d.html | https://www.lbbw.de/konzern/disclaimer/disclaimer-refinanzierung/2025/20250725-basisprospekt-emission-basiswertabhaengigen-zertifikaten_akfajbqbx6_m.pdf | https://www.lbbw.de/konzern/investor-relations/finanzberichte/offenlegungsberichte/2025/lbbw-offenlegungsbericht-2025_m.pdf | https://www.lbbw.de/konzern/medien-center/presseinfos/2025/20250801-lbbw-press-release-lbbw-successfully-completes-realignment-in-commercial-real-estate-finance_akgdxuvzgp_m.pdf
LB SAAR GIROZENTRALE,Deutschland,Saarbrücken,Landesbank,Firmenkunden- sowie Immobilien- und Projektfinanzierung und Bankgeschäft mit institutionellen Kunden und Kommunen in Deutschland und Frankreich.,Hypotheken- und Öffentliche Pfandbriefe sowie unbesicherte Inhaberschuldverschreibungen.,"Die Landesbank Saar (SaarLB) ist eine Landesbank mit Hauptsitz in Saarbrücken. Sie konzentriert sich auf deutsch-französisches Firmenkundengeschäft sowie Immobilien-, Projekt- und Kommunalfinanzierung.",https://saarlb.de/,https://saarlb.de/investor-relations/investoren-informationen/,Abruf 2026-10-04 | https://saarlb.de/ueber-uns/wer-wir-sind/ | https://saarlb.de/investor-relations/refinanzierung-und-emissionen/
LLOYDS BANK GMBH,Deutschland,Berlin,Direktbank,Einlagen- und Kreditgeschäft mit Privatkunden in Deutschland und den Niederlanden.,Privatkundeneinlagen; Hypothekenpfandbriefe und Verbriefungen als Originator.,Die Lloyds Bank GmbH ist eine deutsche Onlinebank der Lloyds Banking Group mit Sitz in Berlin und einer Niederlassung in Amsterdam. Sie bietet Privatkunden Einlagen- und Kreditprodukte an und nutzt Hypothekenpfandbriefe und Verbriefungen zur Refinanzierung.,https://www.lloydsbank.de/,https://www.lloydsbank.de/ueber-uns/investor-relations,Abruf 2026-10-04 | https://www.lloydsbank.de/ueber-uns/geschaeftsbericht | https://www.lloydsbank.de/ueber-uns/investor-relations | https://www.lloydsbank.de/dam/jcr%3Aac61658e-a399-44af-8666-3f7b2d57f684/Lloyds%20Bank%20GmbH%20-%20Pfandbrief%20-%20Prospectus%202025%20-%20Final%20Version%20as%20approved.pdf
MUENCHENER HYPOTHEKENBNK,Deutschland,München,Hypothekenbank,Finanzierung von Wohn- und Gewerbeimmobilien für private und gewerbliche Kunden.,Pfandbriefe und unbesicherte Anleihen sowie Commercial Paper am Geld- und Kapitalmarkt.,Die Münchener Hypothekenbank eG ist eine genossenschaftliche Hypothekenbank mit Hauptsitz in München. Sie finanziert private und gewerbliche Immobilien und refinanziert sich über den Geld- und Kapitalmarkt.,https://www.mhb.de/,https://www.mhb.de/de/investoren,Abruf 2026-10-04 | https://www.mhb.de/sites/default/files/2026_04/MHB_GB_2025_DE_interaktiv.pdf | https://www.mhb.de/de/node/2
NORDDEUTSCHE LANDESBANK,Deutschland,Hannover; Braunschweig; Magdeburg,Landesbank,Geschäftsbank- und Sparkassenzentralbankgeschäft sowie Finanzierung von Unternehmen und Immobilien.,Pfandbriefe und unbesicherte Anleihen sowie nachrangige Anleihen; auch grüne Emissionen.,"Die Norddeutsche Landesbank Girozentrale (NORD/LB) ist eine öffentlich-rechtliche Landesbank und Sparkassenzentralbank. Ihre Sitze liegen in Hannover, Braunschweig und Magdeburg; Hauptverwaltungssitz ist Hannover.",https://www.nordlb.de/,https://www.nordlb.de/die-nordlb/investor-relations,Abruf 2026-10-04 | https://www.nordlb.de/fileadmin/redaktion/Investor_Relations/Aktuelles/260113a_NordLB_FT_EUR_750mn_2.875_per_cent._Mortgage_Pfandbriefe_due_2033_EV.pdf | https://www.nordlb.de/die-nordlb/investor-relations/refinanzierung/refinanzierungsstrategie | https://www.nordlb.de/fileadmin/redaktion/Investor_Relations/pdf/2025/NORDLB_Konzerngeschaeftsbericht_2025.pdf
OLDENBURGISCHE LANDESBK,Deutschland,Oldenburg,Universalbank,Bankdienstleistungen und Finanzierung für Privat- und Geschäftskunden.,Pfandbriefe und Kapitalinstrumente; ergänzende Refinanzierung über Verbriefungen von Wohnimmobilienkrediten.,Die Oldenburgische Landesbank AG (OLB) ist eine private Universalbank mit Sitz in Oldenburg und regionalen Wurzeln im Nordwesten Deutschlands. Sie betreut Privat- und Geschäftskunden vor Ort und digital und nutzt Pfandbriefe und Verbriefungen zur Refinanzierung.,https://www.olb.de/,https://www.olb.de/ueber-uns/investor-relations/funding,Abruf 2026-10-04 | https://www.olb.de/informationen/impressum | https://www.olb.de/ueber-uns/die-bank/unternehmen | https://www.olb.de/ueber-uns/investor-relations/funding | https://www.olb.de/presse/presseinfo-261001-rmbs-auf-deutsche-baufinanzierungen
SANTANDER CONSUMER BANK,Deutschland,Mönchengladbach,Universalbank,Privatkundengeschäft mit Schwerpunkt Konsumenten- und Fahrzeugfinanzierung sowie Einlagen und Zahlungsverkehr.,Privatkundeneinlagen und Geld- sowie Kapitalmarktfinanzierung einschließlich Pfandbriefen; ABS-Verbriefungen.,Die im Dashboard als Santander Consumer Bank bezeichnete Bank heißt seit 2026 Openbank Deutschland AG und hat ihren Sitz in Mönchengladbach. Sie gehört zur Santander-Gruppe und betreibt Privatkundengeschäft mit Schwerpunkt Konsumenten- und Fahrzeugfinanzierung.,https://www.openbank.de/,https://unternehmen.openbank.de/unternehmen/investor-relations/investor-relations/,Abruf 2026-10-04 | https://www.openbank.de/ueber-uns/ | https://www.openbank.de/impressum/ | https://www.santander.de/content/dam/santander-aem/Dokumente/geschaeftsberichte/Santander%202025%20-%20deutsch.pdf.coredownload.pdf | https://www.santander.de/content/dam/santander-aem/Dokumente/investor-relations/investor-reports/basisprospekt-2026.pdf.coredownload.pdf
SPARKASSE HANNOVER,Deutschland,Hannover,Sparkasse,Einlagen- und Kreditgeschäft sowie weitere Bankdienstleistungen für Privatkunden und Unternehmen in der Region Hannover.,Kundeneinlagen; Hypotheken- und Öffentliche Pfandbriefe als Inhaber- und Namenspapiere.,Die Sparkasse Hannover ist eine öffentlich-rechtliche Sparkasse in Trägerschaft der Region Hannover. Sie betreibt regionales Privat- und Firmenkundengeschäft und emittiert Hypotheken- und Öffentliche Pfandbriefe.,https://www.sparkasse-hannover.de/,https://www.sparkasse-hannover.de/de/home/ihre-sparkasse/zahlen-und-fakten/investor-relations.html,Abruf 2026-10-04 | https://www.sparkasse-hannover.de/de/home/toolbar/impressum.html | https://www.sparkasse-hannover.de/content/dam/myif/spk-hannover/work/dokumente/pdf/ihre-sparkasse/investor_relations/SparkasseHannover_Basisprospekt_24092025.pdf?n=true | https://www.sparkasse-hannover.de/de/home/ihre-sparkasse/zahlen-und-fakten/investor-relations/pfandbriefe.html
SPARKASSE PFORZHEIM CALW,Deutschland,Pforzheim,Sparkasse,Einlagen- und Kreditgeschäft sowie weitere Bankdienstleistungen für Privatkunden und Unternehmen im regionalen Geschäftsgebiet.,Kundeneinlagen; Hypothekenpfandbriefe als Inhaber- und Namenspapiere.,"Die Sparkasse Pforzheim Calw ist eine öffentlich-rechtliche Sparkasse mit Sitz in Pforzheim. Sie betreut Privatkunden und Unternehmen in Pforzheim, im Enzkreis und im Landkreis Calw sowie angrenzenden Gemeinden und nutzt Hypothekenpfandbriefe zur Refinanzierung.",https://www.sparkasse-pforzheim-calw.de/,https://www.sparkasse-pforzheim-calw.de/de/home/ihre-sparkasse/ihre-sparkasse-vor-ort/pfandbriefreports.html,Abruf 2026-10-04 | https://www.sparkasse-pforzheim-calw.de/de/home/toolbar/impressum.html | https://www.sparkasse-pforzheim-calw.de/content/dam/myif/sk-pforzheim-calw/work/dokumente/pdf/ihre-sparkasse/wertpapierprospekte/basisprospekt-20250909.pdf?n=true | https://www.sparkasse-pforzheim-calw.de/de/home/ihre-sparkasse/ihre-sparkasse-vor-ort/pfandbriefreports.html
UNICREDIT BANK GMBH,Deutschland,München,Universalbank,Universalbankgeschäft für Privat- und Firmenkunden sowie öffentliche und institutionelle Kunden mit Schwerpunkt Deutschland.,Hypotheken- und Öffentliche Pfandbriefe; gedeckte und ungedeckte Namenspapiere sowie Privatplatzierungen und Retail-Emissionen.,Die UniCredit Bank GmbH tritt unter der Marke HypoVereinsbank auf und hat ihren Sitz in München. Sie ist die deutsche Universalbank der UniCredit-Gruppe und emittiert unter anderem Hypotheken- und Öffentliche Pfandbriefe.,https://www.hypovereinsbank.de/,https://www.hypovereinsbank.de/hvb/ueber-uns/investor-relations/emissionen-deckungsstock/daten,Abruf 2026-10-04 | https://my.hypovereinsbank.de/hvb/de/footer/impressum | https://www.hypovereinsbank.de/content/dam/hypovereinsbank/ueber-uns/pdf/investor-relations/Berichte/DE/2025/20260313-UniCredit-Bank-GmbH-Geschaeftsbericht-2025.pdf | https://www.hypovereinsbank.de/hvb/ueber-uns/investor-relations/emissionen-deckungsstock/daten | https://www.hypovereinsbank.de/content/dam/hypovereinsbank/ueber-uns/pdf/investor-relations/Deckungsstock/2024/IR_HVB_FY_2024.pdf
WUESTENROT BAUSPARKASSE,Deutschland,Kornwestheim,Bausparkasse,Bausparen und private Baufinanzierung mit Schwerpunkt Deutschland.,Hypothekenpfandbriefe einschließlich Grüner Pfandbriefe; Senior-Preferred- und nachrangige Anleihen.,Die Wüstenrot Bausparkasse AG mit Sitz in Kornwestheim gehört zum Wüstenrot & Württembergische-Konzern. Ihr Kerngeschäft sind Bausparen und Baufinanzierung; am Kapitalmarkt emittiert sie unter anderem Hypothekenpfandbriefe.,https://www.wuestenrot.de/,https://www.ww-ag.com/de/investor-relations/anleihen/emissionen-wuestenrot,Abruf 2026-10-04 | https://www.wuestenrot.de/ueber-uns | https://www.ww-ag.com/de/investor-relations/anleihen/emissionen-wuestenrot
